avg_throughput,avg_cpu_percent,avg_memory_mb,avg_duration,total_inferences,successful_streams,failed_streams,success_rate,strategy,nodes
377.4823911155176,33.8,667.703125,7.420971870422363,2000,2,0,1.0,uniform,1
364.7829350364286,42.45,592.8359375,7.6997230052948,2000,2,0,1.0,uniform,2
116.54467937630852,22.2421875,388.82275390625,29.98773503303528,2000,2,0,1.0,dynamic,1
205.45772905585105,32.065625,333.5439453125,21.53297209739685,2000,2,0,1.0,dynamic,2
151.00043135992993,4.2046874999999995,533.57421875,16.939395904541016,2000,2,0,1.0,sharded,1
165.5017932527296,15.4390625,466.93701171875,15.47360610961914,2000,2,0,1.0,sharded,2
